type,object_id,text_id,flavor_text
"('Misc', 5)",416,41600,"{'name': 'Empty Jet Canister', 'description': ""This empty jet canister was found in Richard Wright's room. It still has traces of Jet inside.""}"
"('Misc', 5)",224,22400,"{'name': 'Small Statuette', 'description': 'You think this might be a carving of the ""Pip Boy"" but you can\'t be sure.'}"
"('Container', 1)",132,13200,"{'name': 'Locker', 'description': 'A storage container.'}"
"('Weapon', 3)",122,12200,"{'name': '9mm Mauser', 'description': 'A Mauser M/96, in 9x19mm Parabellum. In excellent condition. Extremely accurate. Min ST: 3.'}"
"('Misc', 5)",491,49100,"{'name': 'Mr. Nixon Doll', 'description': ""You see a small doll with a big red nose. For some reason, you don't trust this seemingly-innocent child's toy.""}"
"('Container', 1)",166,16600,"{'name': 'Table', 'description': 'A generic table. Holds stuff off the ground.'}"
"('Misc', 5)",446,44600,"{'name': 'Vertibird Plans', 'description': 'A set of plans for building Vertibirds.'}"
"('Weapon', 3)",427,42700,"{'name': 'Flame Breath', 'description': 'Medical Supplies'}"
"('Misc', 5)",460,46000,"{'name': 'M.B. Holodisk 2', 'description': 'The label reads: Radio transmission log checkpoint 2.'}"
"('Misc', 5)",50,5000,"{'name': 'Reserved Item', 'description': 'This is a reserved item. DO NOT USE.'}"
"('Misc', 5)",519,51900,"{'name': 'Bottle Caps', 'description': ""These are worthless bottle caps. You've heard that at one time they were used as money, though you suspect its only a story.""}"
"('Misc', 5)",263,26300,"{'name': 'Slag Message', 'description': 'This is a message from the leader of the Slags to the townspeople of Modoc.'}"
"('Weapon', 3)",386,38600,"{'name': 'Louisville Slugger', 'description': 'This all-American, hardwood, baseball bat will knock anything right out of the park. Min ST: 4.'}"
"('Ammo', 4)",111,11100,"{'name': '.44 magnum FMJ', 'description': 'A brick of ammunition, .44 magnum caliber, full metal jacket.'}"
"('Drug', 2)",71,7100,"{'name': 'Fruit', 'description': 'A strange piece of fruit. No preservatives and no additional food coloring added.'}"
"('Container', 1)",93,9300,"{'name': 'Bag', 'description': 'An average sized bag. Made from weaved Brahmin hairs.'}"
"('Misc', 5)",331,33100,"{'name': ""Cat's Paw Issue #5"", 'description': ""This is the hard to find Issue 5 of Cat's Paw magazine. The pictures aside, this issue has a wonderful article on energy weapons.""}"
"('Weapon', 3)",233,23300,"{'name': 'Turbo Plasma Rifle', 'description': 'A modified Winchester P94 plasma rifle. The plasma bolt chamber has been hotwired to accelerate the bolt formation process. Min ST: 6.'}"
"('Drug', 2)",109,10900,"{'name': 'Rad-X', 'description': 'Anti-radiation chems to be taken before exposure. No known side effects.'}"
"('Container', 1)",187,18700,"{'name': 'Desk', 'description': 'A generic desk.'}"
"('Misc', 5)",55,5500,"{'name': 'Water Chip', 'description': 'This is a Vault-Tec water chip. They are typically packaged in groups of five to a box.'}"
"('Weapon', 3)",235,23500,"{'name': 'Power Fist', 'description': 'A ""Big Frigger"" Power Fist from BeatCo. Considered by many to be the ultimate weapon to use in unarmed combat. Others are just scared. Powered by small energy cells. Min ST: 1.'}"
"('Container', 1)",130,13000,"{'name': 'Footlocker', 'description': 'Your basic footlocker. Holds stuff, sits at foot of bed, can be locked.'}"
"('Drug', 2)",273,27300,"{'name': 'Healing Powder', 'description': 'A very powerful healing magic- though it will bring the feeling of sleep to your head.'}"
"('Ammo', 4)",382,38200,"{'name': 'Flamethrower Fuel MKII', 'description': 'This flamethrower fuel uses an advanced super-burn mix.'}"
"('Misc', 5)",154,15400,"{'name': 'Shelves', 'description': 'A set of wooden shelves.'}"
"('Misc', 5)",73,7300,"{'name': 'Big Book of Science', 'description': 'A set of books, containing information about different scientific fields.'}"
"('Weapon', 3)",517,51700,"{'name': '""Little Jesus""', 'description': 'This wicked looking blade once belonged to Lil\' Jesus Mordino. It has numerous nicks and cuts along its surface, but its edge is razor sharp. On its handle is carved ""Little Jesus.""'}"
"('Weapon', 3)",21,2100,"{'name': 'Brass Knuckles', 'description': 'Hardened knuckle grip that is actually made out of steel. They protect your hand, and do more damage, in unarmed combat. Min ST: 1.'}"
"('Weapon', 3)",395,39500,"{'name': 'Vindicator Minigun', 'description': 'The German Rheinmetal AG company created the ultimate minigun. The Vindicator throws over 90,000 caseless shells per minute down its six carbon-polymer barrels. As the pinnacle of Teutonic engineering skill, it is the ultimate hand-held weapon. Min ST: 7.'}"
"('Misc', 5)",114,11400,"{'name': ""Tangler's Hand"", 'description': 'A cybernetic manipulator, in the shape and form of a hand. Damaged due to the sloppy nature of the removal process.'}"
"('Weapon', 3)",421,42100,"{'name': 'Holy Hand Grenade', 'description': 'A Holy relic of godly might.'}"
"('Weapon', 3)",234,23400,"{'name': 'Spiked Knuckles', 'description': 'An improved version of the classic Brass Knuckles. The Spiked Knuckles do more damage, tearing into the flesh of your opponent in unarmed combat. Min ST: 1.'}"
"('Weapon', 3)",423,42300,"{'name': 'Gold Nugget', 'description': 'A nugget of gold.'}"
"('Weapon', 3)",283,28300,"{'name': 'Tommy Gun', 'description': 'This Thompson M1928 submachine gun is a sinister looking weapon; every time you hold it, you have an urge to put on a fedora hat and crack your knuckles. The Thompson is well-fed by a large 50 round drum magazine. Min ST: 6.'}"
"('Misc', 5)",461,46100,"{'name': 'M.B. Holodisk 3', 'description': 'The label reads: Radio transmission log checkpoint 3.'}"
"('Drug', 2)",310,31000,"{'name': 'Gamma Gulp Beer', 'description': 'A bottle of Gamma Gulp beer. It glows in the dark!'}"
"('Misc', 5)",92,9200,"{'name': 'Scorpion Tail', 'description': 'The severed tail of a radscorpion.'}"
"('Misc', 5)",207,20700,"{'name': 'Geiger Counter', 'description': 'A Wattz Electronics C-Radz model Geiger Counter. Detects the presence and strength of radiation fields. It is on.'}"
"('Weapon', 3)",261,26100,"{'name': ""Jonny's BB Gun"", 'description': ""A Red Ryder BB gun with the name 'Jonny' scratched on the stock. Min ST: 3.""}"
"('Misc', 5)",225,22500,"{'name': ""Cat's Paw Magazine"", 'description': ""An issue of Cat's Paw magazine.""}"
"('Weapon', 3)",426,42600,"{'name': 'Uranium Ore', 'description': 'A chunk of Uranium Ore, unrefined.'}"
"('Misc', 5)",195,19500,"{'name': 'Brotherhood Honor Code', 'description': 'A holotape, with a rough symbol of the Brotherhood of Steel inscribed on it. Use the tape to transfer the data to your PIPBoy.'}"
"('Misc', 5)",230,23000,"{'name': 'Vault Records', 'description': 'A compendium of events and important recordings from a Vault computer system. Possibly damaged.'}"
"('Misc', 5)",488,48800,"{'name': 'K-9 Motivator', 'description': 'This is the drive mechanism for a K-9 series robot.'}"
"('Armor', 0)",1,100,"{'name': 'Leather Armor', 'description': 'Your basic all leather apparel. Finely crafted from tanned brahmin hide.'}"
"('Misc', 5)",41,4100,"{'name': 'Money', 'description': 'Legal tender for the world of the wastes.'}"
"('Misc', 5)",478,47800,"{'name': 'Sierra Mission Holodisk', 'description': 'The label reads: ""Mission Statement.""'}"
"('Container', 1)",514,51400,"{'name': 'Pool Table', 'description': 'Pool Table'}"
"('Container', 1)",65,6500,"{'name': 'Bookcase', 'description': 'A wooden bookcase.'}"
"('Misc', 5)",126,12600,"{'name': 'Water Flask', 'description': 'A container for the holding and preservation of water or other liquids.'}"
"('Misc', 5)",309,30900,"{'name': 'Talisman', 'description': 'A talisman which is worn by followers of The Brain.'}"
"('Misc', 5)",47,4700,"{'name': 'First Aid Kit', 'description': 'A small kit containing basic medical equipment. Bandages, wraps, antiseptic spray, and more.'}"
"('Misc', 5)",150,15000,"{'name': 'Bookshelf', 'description': 'A wooden bookshelf.'}"
"('Misc', 5)",258,25800,"{'name': 'Hydroelectric Part', 'description': 'This is a Hydroelectric Magnetosphere Regulator.'}"
"('Container', 1)",245,24500,"{'name': 'Chest', 'description': 'A wooden chest.'}"
"('Weapon', 3)",389,38900,"{'name': 'Avenger Minigun', 'description': ""Rockwell designed the Avenger as the replacement for their aging CZ53 Personal Minigun. The Avenger's design improvements include improved, gel-fin, cooling and chromium plated barrel-bores. This gives it a greater range and lethality. Min ST: 7.""}"
"('Weapon', 3)",8,800,"{'name': '10mm Pistol', 'description': 'A Colt 6520 10mm autoloading pistol. Each pull of the trigger will automatically reload the firearm until the magazine is empty. Single shot only, using the powerful 10mm round. Min ST: 3.'}"
"('Misc', 5)",277,27700,"{'name': 'Golden Gecko Pelt', 'description': 'This is the dried and cured hide of a Golden Gecko.'}"
"('Misc', 5)",479,47900,"{'name': 'NavCom Parts', 'description': 'These are computer parts that look like they slot into the interior of a machine. The fact that they say ""Poseidon Oil"" and ""Navigational Computer"" on them lead you to believe they fit into a Poseidon Oil Navigational Computer.'}"
"('Misc', 5)",78,7800,"{'name': 'Fuzzy Painting', 'description': 'An image of a singer. Obviously, very old. The image has a felt coating that is still in good condition.'}"
"('Container', 1)",185,18500,"{'name': 'Desk', 'description': 'A generic desk.'}"
"('Weapon', 3)",9,900,"{'name': '10mm SMG', 'description': 'H&K MP9 Submachinegun (10mm variant). A medium-sized SMG, capable of single shot and burst mode. Min ST: 4.'}"
"('Container', 1)",201,20100,"{'name': 'Box', 'description': 'Box'}"
"('Misc', 5)",470,47000,"{'name': 'Ball Gag', 'description': ""A questionable sexual device. If you need to ask, you don't want to know.""}"
"('Misc', 5)",266,26600,"{'name': ""Vic's Radio"", 'description': ""This hand-held radio doesn't work but it looks as though it's still in pretty good condition. Some of its parts could probably be salvaged for use in other radios.""}"
"('Misc', 5)",84,8400,"{'name': 'Lockpicks', 'description': 'A set of locksmith tools. Includes all the necessary picks and tension wrenches to open conventional pin and tumbler locks.'}"
"('Misc', 5)",91,9100,"{'name': ""Doctor's Bag"", 'description': 'This brown bag contains instruments and chems used by doctors in the application of their trade.'}"
"('Misc', 5)",278,27800,"{'name': 'Flint', 'description': 'A stone used to sharpen weapons.'}"
"('Misc', 5)",441,44100,"{'name': ""Blondie's Dog Tags"", 'description': 'These dog tags have the owner\'s name scratched off and the name ""Blondie"" scrawled on the back. Beneath the name is the number ""11.""'}"
"('Misc', 5)",191,19100,"{'name': 'Security Disk', 'description': 'A holotape with the writing ""Security Log"" on the label. You can use it to transfer the data it contains to your PIPBoy.'}"
"('Container', 1)",168,16800,"{'name': 'Stuff', 'description': 'These are miscellaneous items, also known as ""stuff"".'}"
"('Weapon', 3)",520,52000,"{'name': 'Heavy Dual Minigun', 'description': 'Only use for Auto-Cannon Critter.'}"
"('Armor', 0)",381,38100,"{'name': 'Combat Armor Mark II', 'description': 'High tech armor, made out of advanced defensive polymers.'}"
"('Misc', 5)",56,5600,"{'name': 'Dog Tags', 'description': 'A set of military dog tags. The name Darkwater is readable, but not much else is.'}"
"('Weapon', 3)",293,29300,"{'name': 'Plated Boxing Gloves', 'description': 'Someone has ""accidentally"" slipped metal plates into these boxing gloves. It could technically be considered cheating, but you prefer to think of it as an increased opportunity to dispense bone-crunching damage.'}"
"('Weapon', 3)",393,39300,"{'name': 'Phazer', 'description': 'NEED LONG DESCRIPTION. Min ST: 3.'}"
"('Weapon', 3)",390,39000,"{'name': 'Solar Scorcher', 'description': ""Without the sun's rays to charge this weapon's cpacitors this gun can't light a match. However, in full daylight, the experimental photo-electric cells that power the Scorcher allow it to turn almost anything into a crispy critter. Min ST: 3.""}"
"('Misc', 5)",321,32100,"{'name': 'Cybernetic Brain', 'description': 'A human brain that has been enhanced by the addition of electronic and robotic attachments.'}"
"('Misc', 5)",210,21000,"{'name': 'Stealth Boy', 'description': 'A RobCo Stealth Boy 3001 personal stealth device. Generates a modulating field that transmits the reflected light from one side of an object to the other.'}"
"('Misc', 5)",418,41800,"{'name': 'Poison Tank', 'description': ""This tank looks suspiciously like an oxygen tank, but there is a small skull and crossbones symbol etched in the bottom. If you hadn't examined it closely, you wouldn't have seen the symbol.""}"
"('Misc', 5)",490,49000,"{'name': 'NCR History Holodisk', 'description': 'The label reads: ""History of NCR.""'}"
"('Misc', 5)",308,30800,"{'name': 'Super Tool Kit', 'description': 'An impressive tool set made by ""Snap-Off"".'}"
"('Misc', 5)",100,10000,"{'name': 'Radio', 'description': 'A model 2043B Radio Communicator, from the fine people at Wattz Electronics. Dependable, rugged, and camouflaged. With the optional RS-121 interface.'}"
"('Container', 1)",189,18900,"{'name': 'Locker', 'description': 'A locker.'}"
"('Armor', 0)",74,7400,"{'name': 'Leather Jacket', 'description': 'A black, heavy leather jacket.'}"
"('Weapon', 3)",497,49700,"{'name': 'Plated Boxing Gloves', 'description': 'Someone has ""accidentally"" slipped metal plates into these boxing gloves. It could technically be considered cheating, but you prefer to think of it as an increased opportunity to dispense bone-crunching damage.'}"
"('Misc', 5)",419,41900,"{'name': 'Mine Parts', 'description': 'You see a bundle of parts that are clearly labeled ""GX-9 Air Purifier"". Using your incredible deductive skills, you decide that they are probably parts for a broken air purifier.'}"
"('Weapon', 3)",6,600,"{'name': 'Sledgehammer', 'description': 'A large hammer with big handle. Very popular with the muscular crowd. Min ST: 6.'}"
"('Misc', 5)",307,30700,"{'name': 'Plasma Transformer', 'description': 'This is a Three-step Plasma Transformer.'}"
"('Misc', 5)",262,26200,"{'name': 'Rubber Boots', 'description': 'An old pair of sturdy rubber work boots. They look durable enough to keep out sludge, at least for a while.'}"
"('Misc', 5)",475,47500,"{'name': 'Unused', 'description': 'Unused'}"
"('Misc', 5)",112,11200,"{'name': 'Urn', 'description': 'A beautiful golden urn, with the name ""Harriet"" inscribed on the front and ashes inside.'}"
"('Misc', 5)",219,21900,"{'name': 'Medium Healing', 'description': 'Barter for this option if you want medium healing.'}"
"('Misc', 5)",442,44200,"{'name': ""Angel-Eyes' Dog Tags"", 'description': 'These dog tags list the owner as ""Angel-Eyes."" Beneath the name is the number ""16.""'}"
"('Misc', 5)",453,45300,"{'name': 'Password Paper', 'description': 'This is three pieces of a single page that, when assembled, reveal three passwords. The text reads: 1. Physics Password KSLJKJ: Ken-Lee-97313, 2. Chemistry Password TIUASPO- Lo-Shi-S12908, 3. Biology Password INTLVR- Dnky-Pnch-98790'}"
"('Misc', 5)",509,50900,"{'name': 'Damaged Rubber Doll', 'description': ""This inflatable rubber sex doll has a torn seam. It's obviously been well used.""}"
"('Container', 1)",346,34600,"{'name': 'Gravesite', 'description': 'Gravesite'}"
"('Weapon', 3)",320,32000,"{'name': 'Sharpened Pole', 'description': 'A wood pole sharpened at one end. Min ST: 4.'}"
"('Misc', 5)",284,28400,"{'name': 'Meat Jerky', 'description': 'These smoked and dried chunks of beast-flesh remain chewy-licious and even somewhat nutritious for years, and years, and years....'}"
"('Key', 6)",438,43800,"{'name': 'Temple Key', 'description': 'A key for the Arroyo Temple door.'}"
"('Ammo', 4)",361,36100,"{'name': 'HN Needler Cartridge', 'description': ""Ammunition. This cartridge appears to be ammo for the HN Needler Pistol. Each 'bullet' is a small hypodermic designed to inject a target with its contents upon impact.""}"
"('Drug', 2)",469,46900,"{'name': 'Rot Gut', 'description': 'A very strong liquor or cleaning fluid, you decide.'}"
"('Container', 1)",90,9000,"{'name': 'Back Pack', 'description': 'A basic backpack, with optional carrying straps.'}"
"('Misc', 5)",312,31200,"{'name': 'Part Requisition Form', 'description': 'This is a Part Requisition Request form.'}"
"('Drug', 2)",81,8100,"{'name': 'Iguana-on-a-stick', 'description': ""A cooked iguana, roasted in it's own skin.""}"
"('Misc', 5)",343,34300,"{'name': ""Ranger's Map"", 'description': ""A map of the surrounding area -- it won't help you much -- but there are code names on it for the Ranger safe houses in the north.""}"
"('Armor', 0)",240,24000,"{'name': 'Tesla Armor', 'description': 'This shining armor provides superior protection against energy attacks. The three Tesla Attraction Coil Rods disperse a large percentage of directed energy attacks.'}"
"('Ammo', 4)",363,36300,"{'name': '7.62mm', 'description': 'Ammunition. Caliber: 7.62mm.'}"
"('Weapon', 3)",500,50000,"{'name': 'FN FAL HPFA', 'description': 'Wall Safe'}"
"('Container', 1)",467,46700,"{'name': ""Jesse's Container"", 'description': ""Smitty's Meal""}"
"('Misc', 5)",140,14000,"{'name': 'Access Card', 'description': 'A security access card. Still in working condition.'}"
"('Container', 1)",347,34700,"{'name': 'Gravesite', 'description': 'Advanced Power Armor'}"
"('Misc', 5)",516,51600,"{'name': 'Pip Boy Medical Enhancer', 'description': ""This Pip Boy medical enhancer consists of a storage holodisk, microfilament cord, headgear, and an optical sensor that is placed over the user's left eye. When used, an optical flash transmits a dictionary of physician skills and know-how into the user's memory, permanently improving the user's doctor skill.""}"
"('Weapon', 3)",79,7900,"{'name': 'Flare', 'description': 'A flare. Creates light for a short period of time. The paper is a little worn, but otherwise it is in good condition. Twist the top to activate it.'}"
"('Misc', 5)",229,22900,"{'name': 'Small Piece Of Machinery', 'description': 'You see a Systolic Motivator. This unusual piece of machinery is very small.'}"
"('Container', 1)",60,6000,"{'name': 'Bookcase', 'description': 'A wooden bookcase.'}"
"('Misc', 5)",298,29800,"{'name': 'Trapper Town Key', 'description': 'A standard key.'}"
"('Weapon', 3)",4,400,"{'name': 'Knife', 'description': 'A sharp-bladed cutting and stabbing weapon. Min ST: 2.'}"
"('Container', 1)",155,15500,"{'name': 'Shelves', 'description': 'A set of wooden shelves.'}"
"('Misc', 5)",254,25400,"{'name': 'Fuel Cell Regulator', 'description': ""Some car-owners installed this regulator, that doubles your car's mileage between charges, but most drivers didn't care how much juice their cars consumed, after all, power's cheap and plentiful so why worry.""}"
"('Misc', 5)",227,22700,"{'name': 'Small Dusty Box Of Some Sort', 'description': ""A television dinner. You're not sure, but it's definitely not edible. You're not quite sure if it ever was.""}"
"('Weapon', 3)",18,1800,"{'name': 'Desert Eagle .44', 'description': 'An ancient Desert Eagle pistol, in .44 magnum. Interest in late 20th century films made this one of the most popular handguns of all times. Min ST: 4.'}"
"('Container', 1)",136,13600,"{'name': 'Locker', 'description': 'A storage container.'}"
"('Weapon', 3)",371,37100,"{'name': 'Claw', 'description': 'Claw'}"
"('Weapon', 3)",531,53100,{}
"('Container', 1)",370,37000,"{'name': 'Ammo Crate', 'description': 'Claw'}"
"('Container', 1)",70,7000,"{'name': 'Dresser', 'description': 'A wooden dresser.'}"
"('Container', 1)",186,18600,"{'name': 'Desk', 'description': 'A generic desk.'}"
"('Drug', 2)",53,5300,"{'name': 'Mentats', 'description': 'A pillbox of mind-altering chems. Increases memory related functions, and speeds other mental processes. Highly habit-forming.'}"
"('Misc', 5)",409,40900,"{'name': 'Paramedics Bag', 'description': 'This bag contains instruments and chems used by paramedics in the field. The tools contained are specifically designed for high trauma and emergency cases.'}"
"('Misc', 5)",366,36600,"{'name': 'G.E.C.K.', 'description': 'The Garden of Eden Creation Kit. This unit is standard equipment for all Vault-Tec vaults. A GECK is the resource for rebuilding civilization after the bomb. Just add water and stir.'}"
"('Drug', 2)",525,52500,"{'name': 'Hypo', 'description': ""A medical injection instrument of some kind. It looks very high tech. You don't know what it's filled with but it appears to have only one dose left.""}"
"('Container', 1)",184,18400,"{'name': 'Desk', 'description': 'A generic desk.'}"
"('Armor', 0)",3,300,"{'name': 'Power Armor', 'description': 'A self-contained suit of advanced technology armor. Powered by a micro-fusion reactor, with enough fuel to last a hundred years.'}"
"('Weapon', 3)",115,11500,"{'name': 'Super Sledge', 'description': 'A Super Sledgehammer, manufactured by the Brotherhood of Steel, using the finest weapons technology available. Includes a kinetic energy storage device, to increase knockback. Min ST: 5.'}"
"('Misc', 5)",465,46500,"{'name': 'Medical Holodisk', 'description': 'The label reads: Medical log.'}"
"('Misc', 5)",333,33300,"{'name': 'Heart Pills', 'description': 'These pills are used by people with heart problems.'}"
"('Misc', 5)",304,30400,"{'name': 'Deck of ""Tragic"" Cards', 'description': 'This is a deck of cards for a collectible card game. Looks like it could be an expensive hobby if you got hooked.'}"
"('Container', 1)",199,19900,"{'name': 'Box', 'description': 'Box'}"
"('Misc', 5)",76,7600,"{'name': 'Deans Electronics', 'description': 'A study book on the field of electronics. A note on the cover says that it is for the ""budding young electrician in everyone!""'}"
"('Misc', 5)",51,5100,"{'name': 'Dynamite', 'description': 'A high explosive, consisting of nitroglycerin mixed with the absorbent substance kiselguhr. Includes a timer.'}"
"('Ammo', 4)",34,3400,"{'name': '.223 FMJ', 'description': 'A case of ammunition, .223 caliber, Full Metal Jacket.'}"
"('Drug', 2)",481,48100,"{'name': 'Bonus +1 Intelligence', 'description': 'Bonus +1 Strength'}"
"('Misc', 5)",483,48300,"{'name': 'Fallout 2 Hintbook', 'description': 'Well, THIS would have been good to have at the beginning of the goddamn game.'}"
"('Weapon', 3)",116,11600,"{'name': 'Ripper', 'description': ""A Ripper(tm) vibroblade. Powered by a small energy cell, the chainblade rips and tears into it's target. Min ST: 4.""}"
"('Misc', 5)",474,47400,"{'name': 'Daisies', 'description': ""A flower pot of daisies. Aren't they nice?""}"
"('Misc', 5)",302,30200,"{'name': 'Gecko Holodisk', 'description': 'The label on this holotape reads: ""Gecko Economic Data."" It\'s difficult to interpret most of the technical charts, tables, and formulae here, but the majority of the information seems to highlight the advantages of a Vault City -- Gecko alliance.'}"
"('Armor', 0)",232,23200,"{'name': 'Hardened Power Armor', 'description': 'A suit of T-51b Power Armor. The hardening process has improved the defensive capability of this high-tech armor system.'}"
"('Misc', 5)",267,26700,"{'name': ""Vic's Water Flask"", 'description': ""This relic of the Vault was probably used to contain some sacred sacrament. The Holy number 13 is emblazoned on the side of this precious link to your people's past, and hopeful future.""}"
"('Drug', 2)",482,48200,"{'name': 'Bonus +1 Strength', 'description': 'Fallout 2 Hintbook'}"
"('Misc', 5)",468,46800,"{'name': ""Smitty's Meal"", 'description': ""It's some kind of salad and a sandwich made out of what you think is Brahmin meat covered in a thick dark yellow sauce. There is also a strange pickled green vegetable on the side.""}"
"('Key', 6)",105,10500,"{'name': 'Key', 'description': 'A special key of some sort.'}"
"('Ammo', 4)",14,1400,"{'name': 'Explosive Rocket', 'description': 'A rocket with a large explosive warhead.'}"
"('Misc', 5)",317,31700,"{'name': 'Cosmetics Case', 'description': 'This is a genuine Mary May brand cosmetics case.'}"
"('Misc', 5)",58,5800,"{'name': 'Tape', 'description': 'A Wattz Electronics Holodisc tape. This particular tape looks to be into very poor condition.'}"
"('Ammo', 4)",95,9500,"{'name': '12 ga. Shotgun Shells', 'description': 'Shotgun ammunition. This particular ammo is marked: ""12-gauge shells, not for use by children under the age of 3.""'}"
"('Weapon', 3)",292,29200,"{'name': 'Boxing Gloves', 'description': 'A pair of boxing gloves that smell faintly of sweat. They look like they have seen a lot of use: many old blood stains still remain.'}"
"('Drug', 2)",334,33400,"{'name': 'Poison', 'description': 'A hypodermic needle full of powerful poison.'}"
"('Misc', 5)",450,45000,"{'name': 'Torn Paper 1', 'description': ""You see a piece of paper with writing on it. It looks like it's part of a code of some sort. Unfortunately, the code is incomplete. If only you could find all three pieces. You can make out the following: 1. Physics Password KSLJ, 2. Chemistry Password TIU, 3. Biology Password INTL""}"
"('Container', 1)",367,36700,"{'name': 'Ammo Crate', 'description': 'Ammo Crate'}"
"('Container', 1)",68,6800,"{'name': 'Dresser', 'description': 'A wooden dresser.'}"
"('Container', 1)",369,36900,"{'name': 'Ammo Crate', 'description': 'Ammo Crate'}"
"('Drug', 2)",378,37800,"{'name': 'Cookie', 'description': 'A chocolate chip cookie. Yum!'}"
"('Misc', 5)",505,50500,"{'name': 'Red Memory Module', 'description': 'A read only computer memory module containing medical information. This module details strength enhancements.'}"
"('Misc', 5)",316,31600,"{'name': 'Condom (Red Package)', 'description': 'This is a Jimmy Hats brand condom, a very reliable brand. This one contains phosophorous red dye #5 and has a yummy cinnamon bun flavor... or so you heard.'}"
"('Misc', 5)",324,32400,"{'name': 'Abnormal Brain', 'description': ""Quite possibly a human brain. The color doesn't seem quite right and the left hemisphere of the brain has caved in on itself.""}"
"('Misc', 5)",439,43900,"{'name': 'Pocket Lint', 'description': 'Some fuzz you found in a pocket.'}"
"('Misc', 5)",281,28100,"{'name': ""Dixon's Eye"", 'description': 'A small jar containing a human eye suspended in some kind of liquid. The label says Corporal Dixon.'}"
"('Weapon', 3)",23,2300,"{'name': 'Assault Rifle', 'description': 'An AK-112 5mm Assault Rifle. An old military model, out of use around the time of the war. Can fire single-shot or burst, using the high velocity 5mm rounds. Min ST: 5.'}"
"('Armor', 0)",239,23900,"{'name': 'Brotherhood Armor', 'description': 'A superior version of Combat Armor. The Brotherhood of Steel have made many improvements over the standard version.'}"
"('Container', 1)",521,52100,"{'name': 'Poor Box', 'description': 'A small box used to collect money for the poor.'}"
"('Drug', 2)",424,42400,"{'name': 'Monument Chunk', 'description': 'This is a piece of the disgruntled stone monument you found out in the desert. Although many of your village would no doubt regard it as a sacred relic, somehow you suspect that you have been cheated.'}"
"('Container', 1)",169,16900,"{'name': 'Stuff', 'description': 'These are miscellaneous items, also known as ""stuff"".'}"
"('Misc', 5)",54,5400,"{'name': 'Stealth Boy', 'description': 'A RobCo Stealth Boy 3001 personal stealth device. Generates a modulating field that transmits the reflected light from one side of an object to the other.'}"
"('Misc', 5)",492,49200,"{'name': 'Tanker Fob', 'description': 'An encoded passkey that provides access to high security areas.'}"
"('Weapon', 3)",299,29900,"{'name': 'Pipe Rifle', 'description': 'This is a hand-made single shot rifle. Min ST: 5.'}"
"('Drug', 2)",125,12500,"{'name': 'Booze', 'description': 'An ancient liquor, from the pre-War era.'}"
"('Misc', 5)",238,23800,"{'name': 'Regulator Transmission', 'description': 'A holotape recording of an audio transmission.'}"
"('Container', 1)",183,18300,"{'name': 'Desk', 'description': 'A generic desk.'}"
"('Misc', 5)",322,32200,"{'name': 'Human Brain', 'description': 'A typical human brain. Normally they are found in human skulls. Yuck.'}"
"('Weapon', 3)",20,2000,"{'name': 'Crowbar', 'description': 'A very solid and heavy piece of metal, specially designed to exert leverage. Or pound heads. Min ST: 5.'}"
"('Container', 1)",180,18000,"{'name': 'Crate', 'description': 'A wooden crate filled with generic stuff.'}"
"('Container', 1)",510,51000,"{'name': 'Pool Table', 'description': 'Pool Table'}"
"('Misc', 5)",337,33700,"{'name': 'Lynette Holodisk', 'description': 'This is the holodisk you got from Lynette.'}"
"('Container', 1)",43,4300,"{'name': 'Ice Chest', 'description': 'On old-style ice chest. The hinges are in good working condition.'}"
"('Misc', 5)",192,19200,"{'name': 'Alpha Experiment Disk', 'description': 'The label on this holotape reads: ""Alpha Experiment Log""'}"
"('Misc', 5)",503,50300,"{'name': 'Blue Memory Module', 'description': 'A read only computer memory module containing medical information. This module details charisma enhancements.'}"
"('Misc', 5)",88,8800,"{'name': 'Watch', 'description': 'An expensive watch. Not really working, but it still looks nice.'}"
"('Weapon', 3)",391,39100,"{'name': 'H&K G11E', 'description': 'This gun revolutionized squad level support weapon design. The gun fires a caseless cartridge consisting of a block of propellant with a bullet buried inside. The resultant weight and space savings allow it to have a very high magazine capacity. Min ST: 6.'}"
"('Misc', 5)",413,41300,"{'name': 'Stables ID Badge', 'description': 'This is a temporary ID badge. It has a red stripe through it, which seems to indicate that you are a ""Stables Researcher.""'}"
"('Misc', 5)",301,30100,"{'name': 'Clipboard', 'description': 'This is a clipboard with the coolant report.'}"
"('Misc', 5)",452,45200,"{'name': 'Torn Paper 3', 'description': ""You see a piece of paper with writing on it. It looks like it's part of a code of some sort. Unfortunately, the code is incomplete. If only you could find all three pieces. You can make out the following: 7313, hi-S12908, 98790""}"
"('Misc', 5)",80,8000,"{'name': 'First Aid Book', 'description': 'A study book on the concepts and practical use of first aid skills.'}"
"('Weapon', 3)",241,24100,"{'name': '.223 Pistol', 'description': 'A .223 rifle modified and cut down to a pistol. This is a one-of-a-kind firearm, obviously made with love and skill. Min ST: 5.'}"
"('Container', 1)",179,17900,"{'name': 'Stuff', 'description': 'These are miscellaneous items, also known as ""stuff"".'}"
"('Misc', 5)",471,47100,"{'name': '""The Lavender Flower""', 'description': 'It appears to be some kind of romance novel written by Dorothy Rixon. The cover has a woman laying on a bed surrounded by a hundred flowers.'}"
"('Misc', 5)",295,29500,"{'name': 'Cheezy Poofs', 'description': 'A box of cheese flavored puffs. They are extremely good.'}"
"('Misc', 5)",257,25700,"{'name': ""Cornelius' Gold Watch"", 'description': 'This is an ancient time-piece known as a pocket watch. Time ran out for this keepsake, many long years ago.'}"
"('Container', 1)",176,17600,"{'name': 'Stuff', 'description': 'These are miscellaneous items, also known as ""stuff"".'}"
"('Container', 1)",137,13700,"{'name': 'Locker', 'description': 'A storage container.'}"
"('Misc', 5)",430,43000,"{'name': 'Howitzer Shell', 'description': 'A 75mm Howitzer shell. The casing has mostly corroded away, but you can make out these letters. EXP. 9-25-98.'}"
"('Misc', 5)",85,8500,"{'name': 'Plastic Explosives', 'description': 'A chunk of Cordex, a military brand of plastic explosives. Highly stable, very destructive. Includes a timer.'}"
"('Misc', 5)",288,28800,"{'name': 'Car Fuel Cell', 'description': 'A car fuel cell.'}"
"('Misc', 5)",356,35600,"{'name': 'Computer Voice Module', 'description': 'A circuit board with several unidentifiable parts, a microphone, and an inscription that reads ""Vault-Tec Voice Recognition Module.""'}"
"('Ammo', 4)",359,35900,"{'name': '4.7mm Caseless', 'description': 'Ammunition. Caliber: 4.7mm, caseless.'}"
"('Misc', 5)",484,48400,"{'name': ""Player's Ear"", 'description': 'This is your ear. The Masticator bit it off during the fight and spit it on your unconscious body. If you are reading this, it probably means you will be reloading soon. Of course, it is possible this item has some special value.'}"
"('Weapon', 3)",486,48600,"{'name': 'Refined Uranium Ore', 'description': 'A chunk of Uranium Ore. This ore seems to have been processed somehow. It seems heavier.'}"
"('Misc', 5)",226,22600,"{'name': 'Box Of Noodles', 'description': 'You have no idea what ""Instant Spaghetti"" means.'}"
"('Weapon', 3)",143,14300,"{'name': 'Sniper Rifle', 'description': 'A DKS-501 Sniper Rifle. Excellent long range projectile weapon. Originally .308, this one is chambered in the more common .223 caliber. Min ST: 5.'}"
"('Misc', 5)",466,46600,"{'name': 'Password Paper', 'description': 'A sheet of folded paper with the word ""TCHAIKOVSKY"" written on it.'}"
"('Container', 1)",188,18800,"{'name': 'Locker', 'description': 'A locker.'}"
"('Container', 1)",211,21100,"{'name': 'Bones', 'description': ""You see Ed. Ed's dead.""}"
"('Container', 1)",134,13400,"{'name': 'Locker', 'description': 'A storage container.'}"
"('Misc', 5)",445,44500,"{'name': ""Sheriff's Badge"", 'description': 'A Badge worn by the Sheriff of a town.'}"
"('Ammo', 4)",274,27400,"{'name': 'Robo Rocket Ammo', 'description': 'Only used by rocket equipped robots.'}"
"('Misc', 5)",220,22000,"{'name': 'Heavy Healing', 'description': 'Barter for this option if you want lots of care and heavy healing.'}"
"('Container', 1)",345,34500,"{'name': 'Gravesite', 'description': 'Gravesite'}"
"('Misc', 5)",464,46400,"{'name': 'Experiment Holodisk', 'description': 'The label reads: Research log.'}"
"('Weapon', 3)",398,39800,"{'name': '.44 Magnum (Speed Load)', 'description': 'A .44 Magnum Revolver with a speed loader. Min ST: 5.'}"
"('Misc', 5)",508,50800,"{'name': 'Rubber Doll', 'description': 'An inflatable rubber sex doll. This model is called ""Tandi"".'}"
"('Misc', 5)",196,19600,"{'name': 'Mutant Transmissions', 'description': 'This holotape looks like it was set to record audio data from a radio. Use the tape to transfer the information to your PIPBoy.'}"
"('Container', 1)",108,10800,"{'name': 'Bones', 'description': 'A collection of strange bones.'}"
"('Container', 1)",44,4400,"{'name': 'Ice Chest', 'description': 'On old-style ice chest. The hinges are in good working condition.'}"
"('Armor', 0)",380,38000,"{'name': 'Metal Armor Mark II', 'description': 'Polished metal plates, finely crafted into a suit of armor.'}"
"('Weapon', 3)",388,38800,"{'name': 'Needler Pistol', 'description': 'You suspect this Bringham needler pistol was once used for scientific field studies. It uses small hard-plastic hypodermic darts as ammo. Min ST: 3.'}"
"('Misc', 5)",339,33900,"{'name': 'NCR Spy Holodisk', 'description': 'This holodisk contains reports of NCR caravan schedules and security information. It\'s addressed to Darion and signed ""F"". With this info, it\'s easy to see how the raiders have avoided capture.'}"
"('Misc', 5)",305,30500,"{'name': 'Yellow Reactor Keycard', 'description': 'An electronic security key, color coded yellow.'}"
"('Misc', 5)",494,49400,"{'name': 'Kokoweef Mine Scrip', 'description': 'This is a small chit probably used to pay Kokoweef Mine Workers.'}"
"('Container', 1)",158,15800,"{'name': 'Tool Board', 'description': 'This board holds a variety of tools above the popular workbench.'}"
"('Misc', 5)",221,22100,"{'name': 'Security Card', 'description': ""A keycard with a security level encoded within it's very simple electronics.""}"
"('Container', 1)",182,18200,"{'name': 'Desk', 'description': 'A generic desk.'}"
"('Container', 1)",368,36800,"{'name': 'Ammo Crate', 'description': 'Ammo Crate'}"
"('Weapon', 3)",94,9400,"{'name': 'Shotgun', 'description': 'A Winchester Widowmaker double-barreled 12-gauge shotgun. Short barrel, with mahogany grip. Min ST: 4.'}"
"('Weapon', 3)",118,11800,"{'name': 'Laser Rifle', 'description': 'A Wattz 2000 Laser Rifle. Uses micro fusion cells for more powerful lasers, and an extended barrel for additional range. Min ST: 6.'}"
"('Weapon', 3)",25,2500,"{'name': 'Grenade (Frag)', 'description': 'A generic fragmentation grenade. Contains a small amount of high explosives, the container itself forming most of the damaging fragments. Explodes on contact. Min ST: 3.'}"
"('Container', 1)",145,14500,"{'name': 'Bookshelf', 'description': 'A wooden bookshelf.'}"
"('Misc', 5)",215,21500,"{'name': 'Brotherhood History', 'description': 'A holotape containing information relating to the Brotherhood of Steel. Can be used to enter information into your PIPBoy 2000.'}"
"('Container', 1)",501,50100,"{'name': 'Wall Safe', 'description': 'Floor Safe'}"
"('Weapon', 3)",16,1600,"{'name': 'Laser Pistol', 'description': 'A Wattz 1000 Laser Pistol. Civilian model, so the wattage is lower than military or police versions. Uses small energy cells. Min ST: 3.'}"
"('Weapon', 3)",27,2700,"{'name': 'Grenade (Pulse)', 'description': ""An electromagnetic pulse grenade, generating an intense magnetic field on detonation. Doesn't affect biological creatures. Contact fuze. Min ST: 4.""}"
"('Weapon', 3)",383,38300,"{'name': 'Shiv', 'description': ""This home-made knife is as dangerous as it is easily concealed. Its presence can't be detected by others. Min ST: 1.""}"
"('Misc', 5)",276,27600,"{'name': 'Gecko Pelt', 'description': 'This is the dried and cured hide of a Gecko.'}"
"('Weapon', 3)",268,26800,"{'name': 'H&K CAWS', 'description': 'The CAWS, short for Close Assault Weapons System, shotgun is a useful tool for close-range combat. The bullpup layout gives the weapon a short, easily handleable, length while still retaining enough barrel length for its high velocity shells. Min ST: 6.'}"
"('Weapon', 3)",385,38500,"{'name': 'Sawed-Off Shotgun', 'description': ""Someone took the time to chop the last few inches off the barrel and stock of this shotgun. Now, the wide spread of this hand-cannon's short-barreled shots makes it perfect for short-range crowd control. Min ST: 4.""}"
"('Misc', 5)",444,44400,"{'name': 'Raiders Map', 'description': 'This is a crumpled map of pre-war Northern California. Reno and the surrounding caravan trails are outlined in red, and there is a red ""X"" far to the east of Reno with ""Raiders"" scrawled beneath it.'}"
"('Weapon', 3)",489,48900,"{'name': 'Special Boxer Weapon', 'description': 'NCR History Holodisk'}"
"('Weapon', 3)",313,31300,"{'name': '.44 Magnum Revolver', 'description': ""Being that this is the most powerful handgun in the world, and can blow your head clean-off, you've got to ask yourself one question. Do I feel lucky? Well, do ya punk?. Min ST: 5.""}"
"('Container', 1)",177,17700,"{'name': 'Stuff', 'description': 'These are miscellaneous items, also known as ""stuff"".'}"
"('Armor', 0)",2,200,"{'name': 'Metal Armor', 'description': 'Polished metal plates, crudely forming a suit of armor.'}"
"('Misc', 5)",86,8600,"{'name': 'Scout Handbook', 'description': 'A book on the methods and ideals of Scouting. Very practical information regarding outdoor life.'}"
"('Container', 1)",181,18100,"{'name': 'Desk', 'description': ""A generic desk. Seen one desk, you've seen them all.""}"
"('Weapon', 3)",162,16200,"{'name': 'Red Ryder LE BB Gun', 'description': 'A limited edition version of the Red Ryder BB gun. A true classic. Min ST: 3.'}"
"('Misc', 5)",437,43700,"{'name': 'Pack of Marked Cards', 'description': 'Every card in this set is a red queen. Must make for some boring games.'}"
"('Container', 1)",502,50200,"{'name': 'Floor Safe', 'description': 'Blue Memory Module'}"
"('Weapon', 3)",236,23600,"{'name': 'Combat Knife', 'description': 'A high-quality combat knife, the Stallona is from SharpWit, Inc. The edge of this blade is guaranteed sharp for over a decade of use! Min ST: 2.'}"
"('Weapon', 3)",518,51800,"{'name': 'Dual Minigun', 'description': 'Only use for Auto-Cannon critter.'}"
"('Container', 1)",167,16700,"{'name': 'Table', 'description': 'A generic table. Holds stuff off the ground.'}"
"('Weapon', 3)",332,33200,"{'name': 'M3A1 ""Grease Gun"" SMG', 'description': 'This submachine gun filled National Guard arsenals after the Army replaced it with newer weapons. However, the ""Grease Gun"" was simple and cheap to manufacture so there are still quite a few still in use. Min ST: 4.'}"
"('Weapon', 3)",28,2800,"{'name': 'Gatling Laser', 'description': 'An H&K L30 Gatling Laser. Designed specifically for military use, these were in the prototype stage at the beginning of the War. Multiple barrels allow longer firing before overheating. Powered by Micro Fusion Cells. Min ST: 6.'}"
"('Weapon', 3)",354,35400,"{'name': 'Pancor Jackhammer', 'description': 'The Jackhammer, despite its name, is an easy to control shotgun, even when fired on full automatic. The popular bullpup design, which places the magazine behind the trigger, makes the weapon well balanced & easy to control. Min ST: 5.'}"
"('Misc', 5)",164,16400,"{'name': 'Brotherhood Tape', 'description': 'A holodisc from regarding the Brotherhood of Steel.'}"
"('Misc', 5)",506,50600,"{'name': 'Yellow Memory Module', 'description': 'A read only computer memory module containing medical information. This module details intelligence enhancements.'}"
"('Container', 1)",64,6400,"{'name': 'Bookcase', 'description': 'A wooden bookcase.'}"
"('Drug', 2)",311,31100,"{'name': 'Roentgen Rum', 'description': 'A bottle of Roentgen rum. It glows in the dark!'}"
"('Weapon', 3)",319,31900,"{'name': 'Switchblade', 'description': 'The blade of this small knife is held by a spring. When a button on the handle is pressed, the blades shoots out with a satisfying ""Sssssshk"" sound. Min ST: 1.'}"
"('Misc', 5)",272,27200,"{'name': 'Xander Root', 'description': 'The rare root that gives healing properties to the powder of healing.'}"
"('Container', 1)",374,37400,"{'name': 'Gravesite', 'description': 'Gravesite'}"
"('Weapon', 3)",387,38700,"{'name': 'M60', 'description': 'This relatively light machine gun was prized by militaries around for world for its high rate of fire. This reliable, battlefield-proven design, was used on vehicles and for squad level fire-support. Min ST: 7.'}"
"('Container', 1)",170,17000,"{'name': 'Stuff', 'description': 'These are miscellaneous items, also known as ""stuff"".'}"
"('Weapon', 3)",403,40300,"{'name': 'FN FAL (Night Sight)', 'description': ""This rifle has been more widely used by armed forces than any other rifle in history. It's a reliable assault weapon for any terrain or tactical situation. This weapon has been equipped with a night sight for greater night accuracy. Min ST: 5.""}"
"('Misc', 5)",98,9800,"{'name': 'Junk', 'description': 'A pile of junk parts. A little bit of everything.'}"
"('Weapon', 3)",159,15900,"{'name': 'Molotov Cocktail', 'description': 'A home-made flammable grenade. Min ST: 3.'}"
"('Weapon', 3)",160,16000,"{'name': 'Cattle Prod', 'description': ""A Farmer's Best Friend model cattle prod from Wattz Electronics. Uses small energy cells for power. Min ST: 4.""}"
"('Container', 1)",46,4600,"{'name': 'Bag', 'description': 'An average sized bag. Made from weaved brahmin hairs.'}"
"('Container', 1)",147,14700,"{'name': 'Bookshelf', 'description': 'A wooden bookshelf.'}"
"('Misc', 5)",338,33800,"{'name': 'Westin Holodisk', 'description': 'This is the holodisk you got from Westin.'}"
"('Misc', 5)",117,11700,"{'name': 'Flower', 'description': 'A beautiful flower.'}"
"('Armor', 0)",349,34900,"{'name': 'Adv. Power Armor MKII', 'description': 'This powered armor appears to be composed of entirely of lightweight ceramic composites rather than the usual combination of metal and ceramic plates. It seems as though it should give even more protection than the standard Advanced Power Armor.'}"
"('Weapon', 3)",10,1000,"{'name': 'Hunting Rifle', 'description': 'A Colt Rangemaster semi-automatic rifle, in .223 caliber. Single-shot only. Min ST: 5.'}"
"('Misc', 5)",275,27500,"{'name': 'Trophy of Recognition', 'description': 'A solid gold trophy with the inscription ""To: Dave, From: DC\'s, For: Being a Special Person.""'}"
"('Container', 1)",107,10700,"{'name': 'Bones', 'description': 'A collection of strange bones.'}"
"('Weapon', 3)",353,35300,"{'name': 'XL70E3', 'description': ""This was an experimental weapon at the time of the war. Manufactured, primarily, from high-strength polymers, the weapon is almost indestructible. It's light, fast firing, accurate, and can be broken down without the use of any tools. Min ST: 5.""}"
"('Container', 1)",174,17400,"{'name': 'Stuff', 'description': 'These are miscellaneous items, also known as ""stuff"".'}"
"('Container', 1)",133,13300,"{'name': 'Locker', 'description': 'A storage container.'}"
"('Weapon', 3)",496,49600,"{'name': 'Boxing Gloves', 'description': 'A pair of boxing gloves that smell faintly of sweat. They look like they have seen a lot of use: many old blood stains still remain.'}"
"('Container', 1)",198,19800,"{'name': 'Box', 'description': 'Box'}"
"('Weapon', 3)",404,40400,"{'name': 'Desert Eagle (Exp. Mag.)', 'description': 'An ancient Desert Eagle pistol, in .44 magnum. Interest in late 20th century films made this one of the most popular handguns of all times. This one has been equipped with an expanded magazine for longer fun and games! Min ST: 4.'}"
"('Weapon', 3)",402,40200,"{'name': 'Magneto-Laser Pistol', 'description': 'This Wattz 1000 laser pistol has been upgraded with a magnetic field targeting system that tightens the laser emission, giving this pistol extra penetrating power. Min ST: 3.'}"
"('Container', 1)",243,24300,"{'name': 'Pot', 'description': 'A finely crafted clay pot.'}"
"('Weapon', 3)",522,52200,"{'name': 'Wakizashi Blade', 'description': 'A short finely crafted knife. The tip seems to be designed to pierce armor.'}"
"('Misc', 5)",495,49500,"{'name': 'Presidential Access Key', 'description': ""This access key has what looks like the presidential seal on it. It appears as though it's used to gain Presidential level access to computers.""}"
"('Misc', 5)",251,25100,"{'name': ""Anna's Bones"", 'description': 'These bones seem unsettled.'}"
"('Misc', 5)",487,48700,"{'name': 'Note from Francis', 'description': '""Zaius, Marcus isn\'t doing anything about that mutant-hater Jacob and his damned conspirators. First they disable the air purifier... and then what? I found their secret meeting tunnels. I figure a body or two down there could implicate Jacob. If you want in, let me know. And burn the damn note this time!"" -Signed, Francis.'}"
"('Misc', 5)",341,34100,"{'name': 'Presidential Pass', 'description': ""The bearer of this document is Security Clearance A-Prime as authorized by the authority of the President of the New California Republic. It's signed by President Tandi.""}"
"('Misc', 5)",216,21600,"{'name': ""Maxson's History"", 'description': ""Maxson's Journal""}"
"('Drug', 2)",49,4900,"{'name': 'Antidote', 'description': 'A bottle containing a home-brewed antidote for poison. A milky liquid with floating pieces of radscorpion flesh.'}"
"('Misc', 5)",101,10100,"{'name': 'Lighter', 'description': 'A silver butane lighter, in good condition.'}"
"('Ammo', 4)",32,3200,"{'name': 'Flamethrower Fuel', 'description': 'A cylinder containing an extremely flammable liquid fuel for flamethrowers.'}"
"('Container', 1)",129,12900,"{'name': 'Footlocker', 'description': 'Your basic footlocker. Holds stuff, sits at foot of bed, can be locked.'}"
"('Misc', 5)",77,7700,"{'name': 'Electronic Lockpick', 'description': 'A Wattz Electronics Micromanipulator FingerStuff electronic lockpick. For defeating electronic locks and security devices.'}"
"('Ammo', 4)",38,3800,"{'name': 'Small Energy Cell', 'description': 'A small, self-contained energy storage unit.'}"
"('Weapon', 3)",400,40000,"{'name': 'Improved Flamer', 'description': 'A Flambe 450 model flamethrower, varmiter variation. Fires a short spray of extremely hot, flamable liquid. Requires specialized fuel to work properly. This model has been modified to fire a hotter mixture which causes greater combustibility. Min ST: 6.'}"
"('Drug', 2)",103,10300,"{'name': 'Iguana-on-a-stick', 'description': 'Some charred meat and vegetables on a cooking stick.'}"
"('Ammo', 4)",121,12100,"{'name': '9mm ball', 'description': 'A collection of ancient 9x19mm rounds. Heavy grease to preserve them from the environment. Standard bullets.'}"
"('Container', 1)",135,13500,"{'name': 'Locker', 'description': 'A storage container.'}"
"('Misc', 5)",429,42900,"{'name': 'Gold Tooth', 'description': ""This gold tooth used to belong to Jules, but it's yours now.""}"
"('Container', 1)",197,19700,"{'name': 'Box', 'description': 'Box'}"
"('Misc', 5)",217,21700,"{'name': ""Maxson's Journal"", 'description': 'Light Healing'}"
"('Misc', 5)",447,44700,"{'name': ""Bishop's Holodisk"", 'description': ""This holodisk contains incriminating information on Bishop's secret deal with NCR. Apparently, Bishop hired mercenaries to attack Vault City in the hopes that Vault City would turn to NCR for military aid. This holodisk is audio only and has no text data. Vault City might be interested in this.""}"
"('Misc', 5)",417,41700,"{'name': 'Oxygen Tank', 'description': ""This is the oxygen tank for Salvatore's breathing apparatus.""}"
"('Container', 1)",529,52900,"{'name': 'Mining Machine', 'description': 'End Boss Knife'}"
"('Misc', 5)",314,31400,"{'name': 'Condom (Blue Package)', 'description': 'This is a Jimmy Hats brand condom, a very reliable brand. This one is ribbed for her pleasure.'}"
"('Ammo', 4)",360,36000,"{'name': '9mm', 'description': 'Ammunition. Caliber: 9mm.'}"
"('Container', 1)",175,17500,"{'name': 'Stuff', 'description': 'These are miscellaneous items, also known as ""stuff"".'}"
"('Misc', 5)",323,32300,"{'name': 'Chimpanzee Brain', 'description': ""A monkey brain. It's soft and squishy.""}"
"('Misc', 5)",256,25600,"{'name': 'False Citizenship Papers', 'description': 'This is a set of false Citizenship Papers. They look authentic enough, but you doubt they could pass a serious inspection.'}"
"('Key', 6)",456,45600,"{'name': 'Cell Door Key', 'description': 'This key fits the Cell Door in Broken Hills.'}"
"('Container', 1)",528,52800,"{'name': 'Dead Redshirt', 'description': 'This guy has a weird red uniform you have never seen. It looks like he died from dehydration.'}"
"('Misc', 5)",422,42200,"{'name': 'Excavator Chip', 'description': 'This chip appears to be for some sort of large industrial machine. Beneath the dirt and dust, it appears to be in surprisingly good shape.'}"
"('Weapon', 3)",396,39600,"{'name': 'YK32 Pulse Pistol', 'description': 'The YK32 is an electrical pulse weapon that was developed by the Yuma Flats Energy Consortium. Though powerful, the YK32 was never considered a practical weapon due to its inefficient energy usage and bulky design. Min ST: 3.'}"
"('Misc', 5)",485,48500,"{'name': ""Masticator's Ear"", 'description': ""This is the Masticator's ear. You bit it off after pummeling him senseless. Congratulations on beating him. He's one of the toughest NPC's in the game, especially when you don't have any weapons or armor.""}"
"('Armor', 0)",379,37900,"{'name': 'Leather Armor Mark II', 'description': 'An enhanced version of the basic leather armor with extra layers of protection. Finely crafted from tanned brahmin hide.'}"
"('Misc', 5)",294,29400,"{'name': 'Vault 13 Holodisk', 'description': 'A holodisk which supposedly has the location of Vault 13.'}"
"('Misc', 5)",336,33600,"{'name': ""Moore's Briefcase"", 'description': ""Thomas Moore asked you to take this brahmin hide briefcase to the Bishop family in New Reno. It is securely locked, and you can't seem to open it.""}"
"('Container', 1)",152,15200,"{'name': 'Shelves', 'description': 'A set of wooden shelves.'}"
"('Container', 1)",42,4200,"{'name': 'Fridge', 'description': 'A refrigerator. Out of coolant.'}"
"('Misc', 5)",523,52300,"{'name': 'Survey Map', 'description': 'It looks like a geological survey map of the Bay area.'}"
"('Misc', 5)",329,32900,"{'name': 'Mutagenic Serum', 'description': 'A strange organic concoction that could possibly reverse the Mutation Factor in humans.'}"
"('Container', 1)",515,51500,"{'name': 'Pool Table', 'description': 'Pip Boy Medical Enhancer'}"
"('Misc', 5)",342,34200,"{'name': 'Ranger Pin', 'description': ""This pin says you're an official New California Ranger. Look -- it's got a code wheel and everything!""}"
"('Misc', 5)",504,50400,"{'name': 'Green Memory Module', 'description': 'A read only computer memory module containing medical information. This module details perception enhancements.'}"
"('Container', 1)",62,6200,"{'name': 'Bookcase', 'description': 'A wooden bookcase.'}"
"('Ammo', 4)",362,36200,"{'name': 'HN AP Needler Cartridge', 'description': 'Ammunition. This cartridge appears to be armor-piercing ammo for the HN Needler Pistol. The hypodermic tips are made of a strange alloy and are incredibly sharp.'}"
"('Armor', 0)",265,26500,"{'name': 'Combat Leather Jacket', 'description': ""This heavily padded leather jacket is unusual in that it has two sleeves. You'll definitely make a fashion statement whenever, and wherever, you rumble.""}"
"('Misc', 5)",306,30600,"{'name': 'Red Reactor Keycard', 'description': 'An electronic security key, color coded red.'}"
"('Weapon', 3)",15,1500,"{'name': 'Plasma Rifle', 'description': 'A Winchester Model P94 Plasma Rifle. An industrial-grade energy weapon, firing superheated bolts of plasma down a superconducting barrel. Powered by Micro Fusion Cells. Min ST: 6.'}"
"('Misc', 5)",218,21800,"{'name': 'Light Healing', 'description': 'Barter for this option if you want light healing.'}"
"('Weapon', 3)",45,4500,"{'name': 'Throwing Knife', 'description': 'A knife, balanced specifically for throwing. Made of titanium, and laser sharpened. Min ST: 3.'}"
"('Misc', 5)",99,9900,"{'name': 'Gold Locket', 'description': 'A valuable gold locket.'}"
"('Weapon', 3)",7,700,"{'name': 'Spear', 'description': 'A razor tipped polearm. The shaft is wooden, and the tip is worked steel. Min ST: 4.'}"
"('Misc', 5)",408,40800,"{'name': 'Field Medic First Aid Kit', 'description': 'A small kit containing basic emergency medical equipment. Bandages, wraps, antiseptic spray, and more.'}"
"('Key', 6)",97,9700,"{'name': 'Blue Pass Key', 'description': 'A electronic security key, color coded blue.'}"
"('Misc', 5)",237,23700,"{'name': 'Chemistry Journals', 'description': 'A random pile of literature regarding the field of Chemistry. The papers on Molecular Chemistry are particularly interesting.'}"
"('Misc', 5)",89,8900,"{'name': 'Motor', 'description': 'A 40-hp electric motor.'}"
"('Key', 6)",82,8200,"{'name': 'Key', 'description': 'A key. A key will open a particular lock.'}"
"('Container', 1)",139,13900,"{'name': 'Locker', 'description': 'A storage container.'}"
"('Container', 1)",202,20200,"{'name': 'Box', 'description': 'Box'}"
"('Misc', 5)",252,25200,"{'name': ""Anna's Gold Locket"", 'description': 'This well-worn golden locket opens to reveal a charming picture.'}"
"('Misc', 5)",285,28500,"{'name': 'Radscorpion Limbs', 'description': 'These Radscorpion pincers are hollowed out and have a strap with a broken buckle at the end.'}"
"('Container', 1)",173,17300,"{'name': 'Stuff', 'description': 'These are miscellaneous items, also known as ""stuff"".'}"
"('Misc', 5)",282,28200,"{'name': ""Clifton's Eye"", 'description': 'A small jar containing a human eye suspended in some kind of liquid. The label says General Clifton.'}"
"('Weapon', 3)",392,39200,"{'name': 'M72 Gauss Rifle', 'description': 'The M72 rifle is of German design. It uses an electromagnetic field to propel rounds at tremendous speed... and pierce almost any obstacle. Its range, accuracy and stopping power is almost unparalleled. Min ST: 6.'}"
"('Container', 1)",511,51100,"{'name': 'Pool Table', 'description': 'Pool Table'}"
"('Container', 1)",203,20300,"{'name': 'Box', 'description': 'Box'}"
"('Ammo', 4)",31,3100,"{'name': '.44 Magnum JHP', 'description': 'A brick of ammunition, .44 magnum caliber, hollow-points.'}"
"('Container', 1)",526,52600,"{'name': 'Dead Redshirt', 'description': 'This guy has a weird red uniform you have never seen. It looks like he died from dehydration.'}"
"('Container', 1)",153,15300,"{'name': 'Shelves', 'description': 'A set of wooden shelves.'}"
"('Misc', 5)",286,28600,"{'name': 'Firewood', 'description': 'A pile of firewood and kindling.'}"
"('Misc', 5)",412,41200,"{'name': 'Oil Can', 'description': 'You see a can of Armor-Go. A space-age, polymer, lubricant for powered armor.'}"
"('Misc', 5)",206,20600,"{'name': 'Dynamite', 'description': 'A high explosive, consisting of nitroglycerin mixed with the absorbent substance kiselguhr. Includes a timer, which is ticking.'}"
"('Drug', 2)",110,11000,"{'name': 'Psycho', 'description': 'An unique delivery system filled with strange and unknown chemicals of probably military origin. It is supposed to increase the combat potential of a soldier.'}"
"('Drug', 2)",48,4800,"{'name': 'RadAway', 'description': 'A chemical solution that bonds with radiation particles and passes them through your system. Takes time to work.'}"
"('Weapon', 3)",161,16100,"{'name': 'Red Ryder BB Gun', 'description': 'A Red Ryder BB gun. The classic. Min ST: 3.'}"
"('Ammo', 4)",37,3700,"{'name': 'Rocket AP', 'description': 'A rocket shell, with a smaller explosive, but designed to pierce armor plating.'}"
"('Misc', 5)",253,25300,"{'name': 'Fuel Cell Controller', 'description': ""This chip controls the flow of power into a car's electric engines. Many drivers quickly burnt out this chip through frequent rapid acceleration. Still a valuable part to have-- if you only had a car to install it in.""}"
"('Key', 6)",83,8300,"{'name': 'Key Ring', 'description': 'Multiple keys.'}"
"('Weapon', 3)",365,36500,"{'name': 'Plant Spike', 'description': 'An organic seed-spike that the carnivorous plants spit at potential food or seed carriers.'}"
"('Drug', 2)",480,48000,"{'name': 'Bonus +1 Agility', 'description': 'Bonus +1 Intelligence'}"
"('Misc', 5)",208,20800,"{'name': 'Motion Sensor', 'description': 'A Wattz Electronics C-U model motion sensor. Detects the movement of biological material over a distance of meters using a tuned radar device. It is on.'}"
"('Misc', 5)",264,26400,"{'name': ""Smith's Cool Item"", 'description': 'LONG DESCRIPTION HERE.'}"
"('Drug', 2)",260,26000,"{'name': 'Jet Antidote', 'description': 'This antidote cures the reliant effects of Jet.'}"
"('Drug', 2)",124,12400,"{'name': 'Beer', 'description': 'Some type of home brewed beer.'}"
"('Misc', 5)",340,34000,"{'name': ""Doctor's Papers"", 'description': 'A set of very detailed plans for a Cybernetic Canine Guard Unit. With this and the right facilities, a person just might be able to build a robo-dog.'}"
"('Container', 1)",67,6700,"{'name': 'Desk', 'description': 'A wooden desk.'}"
"('Ammo', 4)",30,3000,"{'name': '10mm AP', 'description': 'Ammunition. Caliber: 10mm, armor piercing.'}"
"('Misc', 5)",72,7200,"{'name': 'Briefcase', 'description': 'A briefcase, with a Made-in-the-USA label. Leather. Good condition, but the combination lock is broken.'}"
"('Container', 1)",250,25000,"{'name': 'Bones', 'description': 'A pile of human bones.'}"
"('Weapon', 3)",407,40700,"{'name': 'Mega Power Fist', 'description': 'A ""Big Frigger"" Power Fist from BeatCo. Considered by many to be the ultimate weapon to use in unarmed combat. This one has upgraded power servos for increased strength. Powered by small energy cells. Min ST: 1.'}"
"('Misc', 5)",377,37700,"{'name': 'Vault 15 Computer Parts', 'description': ""Miscellaneous computer parts with various functions. A computer geek's dream.""}"
"('Misc', 5)",436,43600,"{'name': 'Deck of Cards', 'description': 'A standard set of playing cards.'}"
"('Misc', 5)",335,33500,"{'name': ""Moore's Briefcase"", 'description': ""Thomas Moore asked you to take this brahmin hide briefcase to the Bishop family in New Reno. It is securely locked, and you can't seem to open it.""}"
"('Misc', 5)",148,14800,"{'name': 'Bookshelf', 'description': 'A wooden bookshelf.'}"
"('Misc', 5)",440,44000,"{'name': 'Bio Med Gel', 'description': 'A jar of Bio Gel used in the biomedical field.'}"
"('Misc', 5)",127,12700,"{'name': 'Rope', 'description': 'A strong, thick line. About 45 feet in length.'}"
"('Weapon', 3)",352,35200,"{'name': 'H&K G11', 'description': 'This gun revolutionized assault weapon design. The weapon fires a caseless cartridge consisting of a block of propellant with a bullet buried inside. The resultant weight and space savings allow this weapon to have a very high magazine capacity. Min ST: 5.'}"
"('Ammo', 4)",35,3500,"{'name': '5mm JHP', 'description': 'A brick of small, lightweight ammunition. Caliber: 5mm, jacketed hollow-point.'}"
"('Weapon', 3)",291,29100,"{'name': 'Robo Melee Weapon 2', 'description': 'For Floating Eye Robot. Does Electrical damage.'}"
"('Armor', 0)",113,11300,"{'name': 'Robes', 'description': 'Robes from the Children of the Cathedral.'}"
"('Misc', 5)",458,45800,"{'name': 'M.B. Holodisk 5', 'description': 'The label reads: Message to CHQ- Confidential.'}"
"('Weapon', 3)",384,38400,"{'name': 'Wrench', 'description': 'A typical wrench used by mechanics. Min ST: 3.'}"
"('Misc', 5)",327,32700,"{'name': 'Easter Egg', 'description': 'This is a hard boiled chicken egg painted with colored dyes.'}"
"('Weapon', 3)",287,28700,"{'name': 'Scoped Hunting Rifle', 'description': ""Nothing's better than seeing that surprised look on your target's face. The Loophole x20 Scope on this hunting rifle makes it easier than ever before. Accurate from first shot to last, no matter what kind of game you're gunning for. Min ST: 5.""}"
"('Misc', 5)",102,10200,"{'name': 'Guns and Bullets', 'description': 'A gun rag. A magazine devoted to the practical use of firearms, and the occasional biased review.'}"
"('Weapon', 3)",11,1100,"{'name': 'Flamer', 'description': 'A Flambe 450 model flamethrower, varmiter variation. Fires a short spray of extremely hot, flamable liquid. Requires specialized fuel to work properly. Min ST: 6.'}"
"('Ammo', 4)",36,3600,"{'name': '5mm AP', 'description': 'A brick of small caliber ammunition. 5mm armor piercing.'}"
"('Container', 1)",249,24900,"{'name': 'Pot', 'description': 'A finely crafted clay pot.'}"
"('Misc', 5)",364,36400,"{'name': 'Robot Motivator', 'description': 'This is the drive mechanism for a robot.'}"
"('Weapon', 3)",300,30000,"{'name': 'Zip Gun', 'description': 'A handmade single shot pistol. Min ST: 4.'}"
"('Container', 1)",435,43500,"{'name': 'Wagon', 'description': 'A caravan wagon converted from the wrecked remains of an ancient automobile.'}"
"('Weapon', 3)",401,40100,"{'name': 'Laser Rifle (Ext. Cap.)', 'description': 'This Wattz 2000 laser rifle has had its recharging system upgraded and a special recycling chip installed that reduces the drain on the micro fusion cell by 50%. Min ST: 6.'}"
"('Misc', 5)",279,27900,"{'name': 'Neural Interface', 'description': 'It appears to be a set of electrodes built into a head unit with a standard computer interface plug.'}"
"('Misc', 5)",141,14100,"{'name': 'COC Badge', 'description': 'A badge in the shape of the Children of the Cathedral symbol. On one side you notice bumps and indentations, almost reminding you of a key.'}"
"('Container', 1)",375,37500,"{'name': 'Gravesite', 'description': 'Gravesite'}"
"('Container', 1)",200,20000,"{'name': 'Box', 'description': 'Box'}"
"('Container', 1)",172,17200,"{'name': 'Stuff', 'description': 'These are miscellaneous items, also known as ""stuff"".'}"
"('Misc', 5)",297,29700,"{'name': 'Metal Pole', 'description': ""It's a long metal pole. What did you expect?""}"
"('Weapon', 3)",205,20500,"{'name': 'Flare', 'description': 'A flare. Creates light for a short period of time. The paper is a little worn, but otherwise it is in good condition. It is lit.'}"
"('Container', 1)",149,14900,"{'name': 'Bookshelf', 'description': 'A wooden bookshelf.'}"
"('Misc', 5)",194,19400,"{'name': ""Vree's Experiment Disk"", 'description': 'This holotape has been updated with medical evidence from Vree of the BoS. It can be used to transfer the data to your PIPBoy.'}"
"('Misc', 5)",428,42800,"{'name': 'Medical Supplies', 'description': 'A box of assorted medical supplies. Nothing I can make use of though.'}"
"('Misc', 5)",75,7500,"{'name': 'Tool', 'description': 'A tool set, containing various useful tools, including pliers.'}"
"('Container', 1)",512,51200,"{'name': 'Pool Table', 'description': 'Pool Table'}"
"('Misc', 5)",123,12300,"{'name': 'Psychic Nullifier', 'description': 'A strange device, constructed from an odd technology.'}"
"('Weapon', 3)",405,40500,"{'name': 'Assault Rifle (Exp. Mag.)', 'description': 'This Assault Rifle has an extended, military sized, ammunition clip. The expanded magazine capacity makes it more fun than ever to Spray-and-Pray. Min ST: 5.'}"
"('Drug', 2)",473,47300,"{'name': 'Mutated Toe', 'description': 'You see your sixth toe. It is a small mutated part of yourself. For some reason, you feel a terrible sense of loss as you look at the tiny amputated toe.'}"
"('Misc', 5)",271,27100,"{'name': 'Broc Flower', 'description': 'The plentiful flower that forms the base for the powder of healing.'}"
"('Misc', 5)",315,31500,"{'name': 'Condom (Green package)', 'description': 'This is a Jimmy Hats brand condom, a very reliable brand. This one contains phosphorous green dye #2 and is slathered in spermicidal lubricant for added protection.'}"
"('Container', 1)",165,16500,"{'name': 'Iguana Stand', 'description': ""The home of Bob's Iguana Bits. What's not to love about fresh-roasted iguana?""}"
"('Misc', 5)",414,41400,"{'name': 'Vault 15 Shack Key', 'description': 'A standard key.'}"
"('Container', 1)",213,21300,"{'name': 'Remains of Gizmo', 'description': 'Gizmo, former crime boss of Junktown, is dead. And pretty stinky, too.'}"
"('Drug', 2)",144,14400,"{'name': 'Super Stimpak', 'description': 'An advanced healing chem. Very powerful. Superstims will cause a small amount of damage after a period of time due to powerful nature of the chemicals used.'}"
"('Misc', 5)",156,15600,"{'name': 'Shelves', 'description': 'A set of wooden shelves.'}"
"('Misc', 5)",119,11900,"{'name': 'Necklace', 'description': 'An expensive looking necklace, made from silver, gold and pressed diamonds.'}"
"('Weapon', 3)",270,27000,"{'name': 'Robo Rocket Launcher', 'description': 'Only used by rocket equipped robots.'}"
"('Armor', 0)",348,34800,"{'name': 'Advanced Power Armor', 'description': 'This powered armor is composed of lightweight metal alloys, reinforced with ceramic castings at key points. The motion-assist servo-motors appear to be high quality models as well.'}"
"('Misc', 5)",325,32500,"{'name': 'Dice', 'description': ""A standard pair of gambling dice. It'd be cool to get a fuzzy pair for your car.""}"
"('Misc', 5)",507,50700,"{'name': 'Decomposing Body', 'description': 'This is a partially decomposed body of a humanoid creature.'}"
"('Misc', 5)",231,23100,"{'name': 'Military Base Security Code', 'description': ' '}"
"('Container', 1)",344,34400,"{'name': 'Gravesite', 'description': 'Gravesite'}"
"('Container', 1)",376,37600,"{'name': 'Gravesite', 'description': 'Vault 15 Computer Parts'}"
"('Container', 1)",146,14600,"{'name': 'Bookshelf', 'description': 'A wooden bookshelf.'}"
"('Ammo', 4)",33,3300,"{'name': '14mm AP', 'description': 'Large caliber ammunition. 14mm armor piercing.'}"
"('Misc', 5)",209,20900,"{'name': 'Plastic Explosives', 'description': 'A chunk of Cordex, a military brand of plastic explosives. Highly stable, very destructive. Includes a timer, which is ticking.'}"
"('Misc', 5)",289,28900,"{'name': 'Shovel', 'description': 'This is a shovel for digging ditches and stuff.'}"
"('Misc', 5)",454,45400,"{'name': 'Explosive Switch', 'description': 'This toggle switch is the final conponent of an explosive device.'}"
"('Container', 1)",248,24800,"{'name': 'Pot', 'description': 'A finely crafted clay pot.'}"
"('Misc', 5)",303,30300,"{'name': 'Reactor Holodisk', 'description': 'The label on this holotape reads: ""Gecko Reactor Performance Data."" This disk contains a string of numbers that mean nothing to you. There sure is a lot of information here and it must be important to someone, somehow.'}"
"('Misc', 5)",228,22800,"{'name': 'Technical Manual', 'description': 'A technical repair manual on the T-51b Power Armor.'}"
"('Container', 1)",63,6300,"{'name': 'Bookcase', 'description': 'A wooden bookcase.'}"
"('Container', 1)",157,15700,"{'name': 'Workbench', 'description': 'A workbench. Yep, your standard old, run of the mill, workbench. Looks nice sitting there, too.'}"
"('Misc', 5)",212,21200,"{'name': 'Tandi', 'description': ""You are bartering for Tandi's release.""}"
"('Weapon', 3)",530,53000,"{'name': 'End Boss Knife', 'description': 'End Boss Plasma Gun'}"
"('Misc', 5)",415,41500,"{'name': 'Spectacles', 'description': 'A set of spectacles for eye correction.'}"
"('Container', 1)",434,43400,"{'name': 'Wagon', 'description': 'A caravan wagon converted from the wrecked remains of an ancient automobile.'}"
"('Armor', 0)",524,52400,"{'name': ""Bridgekeeper's Robes"", 'description': ""This smelly, filthy garment must be made out of some special fabric in order to have withstood the foulness of the bridgekeeper's body. Oddly enough, it has plasma burns and scorch marks all over it, as if these weapons were used against it... to no effect. You have NO idea why it's purple.""}"
"('Weapon', 3)",397,39700,"{'name': 'YK42B Pulse Rifle', 'description': 'The YK42B is an electrical pulse weapon that was developed by the Yuma Flats Energy Consortium. It is considered a far superior weapon to the YK32 pistol, having a greater charge capacity and range. Min ST: 3.'}"
"('Weapon', 3)",280,28000,"{'name': 'Sharpened Spear', 'description': 'A razor tipped polearm. The shaft is wooden, and the tip is sharpened steel. Min ST: 4.'}"
"('Misc', 5)",328,32800,"{'name': 'Magic 8-Ball', 'description': 'This black sphere is some strange precognitive device... a small window on the top seems to be able to predict the future! Pre-war humanity must have been geniuses to invent such a wonder!'}"
"('Weapon', 3)",350,35000,"{'name': 'Bozar', 'description': ""The ultimate refinement of the sniper's art. Although, somewhat finicky and prone to jamming if not kept scrupulously clean, the big weapon's accuracy more than makes up for its extra maintenance requirements. Min ST: 6.""}"
"('Misc', 5)",269,26900,"{'name': 'Robot Parts', 'description': 'A pile of damaged robot parts.'}"
"('Misc', 5)",410,41000,"{'name': 'Expanded Lockpick Set', 'description': 'A set of locksmith tools. Includes all the necessary picks and tension wrenches to open conventional pin and tumbler locks. This set also includes some special tools for more difficult mechanical locking mechanisms.'}"
"('Weapon', 3)",24,2400,"{'name': 'Plasma Pistol', 'description': 'Glock 86 Plasma Pistol. Designed by the Gaston Glock AI. Shoots a small bolt of superheated plasma. Powered by a small energy cell. Min ST: 4.'}"
"('Misc', 5)",57,5700,"{'name': 'Bug', 'description': 'A miniature microphone and transmitting device.'}"
"('Weapon', 3)",5,500,"{'name': 'Club', 'description': 'A military or police baton. Heavy wood. Min ST: 3.'}"
"('Misc', 5)",52,5200,"{'name': 'Geiger Counter', 'description': 'A Wattz Electronics C-Radz model Geiger Counter. Detects the presence and strength of radiation fields.'}"
"('Misc', 5)",499,49900,"{'name': 'Pip Boy Lingual Enhancer', 'description': ""This Pip Boy lingual enhancer consists of a storage holodisk, a microfilament cord, headgear, and an optical sensor that is placed over the user's right eye. When used, an optical flash transmits an entire dictionary into the user's memory, permanently improving the user's speech skills.""}"
"('Key', 6)",96,9600,"{'name': 'Red Pass Key', 'description': 'A electronic security key, color coded red.'}"
"('Weapon', 3)",13,1300,"{'name': 'Rocket Launcher', 'description': 'A Rockwell BigBazooka rocket launcher. With the deluxe 3 lb. trigger. Fires AP or Explosive Rockets. Min ST: 6.'}"
"('Container', 1)",128,12800,"{'name': 'Footlocker', 'description': 'Your basic footlocker. Holds stuff, sits at foot of bed, can be locked.'}"
"('Weapon', 3)",290,29000,"{'name': 'Robo Melee Weapon 1', 'description': 'For Floating Eye Robot. Does Electrical Damage.'}"
"('Weapon', 3)",120,12000,"{'name': 'Alien Blaster', 'description': 'A strange gun of obviously alien origin. Looks like it can support small energy cells, however. Min ST: 2.'}"
"('Misc', 5)",476,47600,"{'name': ""Enlightened One's Letter"", 'description': ""A report addressed to AHS-9 in San Francisco. It's really dry reading- tables of oppressive adjustments, expense reports, and other twaddle not worth wasting your time on.""}"
"('Container', 1)",66,6600,"{'name': 'Desk', 'description': 'A wooden desk.'}"
"('Ammo', 4)",357,35700,"{'name': '.45 Caliber', 'description': 'Ammunition. .45 Caliber.'}"
"('Container', 1)",61,6100,"{'name': 'Bookcase', 'description': 'A wooden bookcase.'}"
"('Ammo', 4)",29,2900,"{'name': '10mm JHP', 'description': 'Ammunition. Caliber: 10mm, jacketed hollow-points'}"
"('Drug', 2)",40,4000,"{'name': 'Stimpak', 'description': 'A healing chem. When injected, the chem provides immediate healing of minor wounds.'}"
"('Misc', 5)",493,49300,"{'name': 'Teachings Holodisk', 'description': 'The label reads: ""Hubologist Teachings.""'}"
"('Misc', 5)",432,43200,"{'name': 'Ramirez Box, Open', 'description': 'This is the box you received from Big Jesus Mordino to give to Ramirez at the Stables. It is open, and you have removed the Jet that was inside.'}"
"('Weapon', 3)",394,39400,"{'name': 'PPK12 Gauss Pistol', 'description': 'Praised for its range and stopping power, the PPK12 Gauss Pistol is of German design. The pistol uses an electromagnetic field to propel rounds at tremendous speed and punch through almost any armor. Min ST: 4.'}"
"('Misc', 5)",472,47200,"{'name': 'Hubologist Holodisk', 'description': 'This holodisk is labeled ""Hubology: The Truth Behind the Lies"". It looks like it works with your PIPBoy.'}"
"('Misc', 5)",448,44800,"{'name': 'Account Book', 'description': 'This account book lists a series of monthly payments made to the mercenary band from the Bishop Family in New Reno. The payments depend heavily on how much ""pressure"" the mercenaries put on Vault City. Vault City might be interested in this.'}"
"('Drug', 2)",87,8700,"{'name': 'Buffout', 'description': 'Highly advanced steroids. While in effect, they increase strength and reflexes. Very habit-forming.'}"
"('Weapon', 3)",372,37200,"{'name': 'Claw', 'description': 'Claw'}"
"('Ammo', 4)",163,16300,"{'name': ""BB's"", 'description': ""A package of BB's from before the war. In excellent condition. Stainless steel.""}"
"('Misc', 5)",451,45100,"{'name': 'Torn Paper 2', 'description': ""You see a piece of paper with writing on it. It looks like it's part of a code of some sort. Unfortunately, the code is incomplete. If only you could find all three pieces. You can make out the following: KJ: Ken-Lee-9, ASPO- Lo-S, VR- Dnky-Pnch-""}"
"('Container', 1)",178,17800,"{'name': 'Stuff', 'description': 'These are miscellaneous items, also known as ""stuff"".'}"
"('Weapon', 3)",406,40600,"{'name': 'Plasma Pistol (Ext. Cap.)', 'description': 'This Glock 86 Plasma Pistol has had its magnetic housing chamber realigned to reduce the drain on its energy cell. Its efficiency has doubled, allowing it to fire more shots before the battery is expended. Min ST: 4.'}"
"('Weapon', 3)",12,1200,"{'name': 'Minigun', 'description': 'A Rockwell CZ53 Personal Minigun. A multi-barrelled chaingun firing 5mm ammunition at over 60,000 RPM. Min ST: 7.'}"
"('Misc', 5)",449,44900,"{'name': 'Unused', 'description': 'Unused'}"
"('Misc', 5)",459,45900,"{'name': 'M.B. Holodisk 1', 'description': 'The label reads: Radio Transmission log checkpoint 1.'}"
"('Ammo', 4)",358,35800,"{'name': '2mm EC', 'description': 'Ammunition.'}"
"('Container', 1)",69,6900,"{'name': 'Dresser', 'description': 'A wooden dresser.'}"
"('Weapon', 3)",498,49800,"{'name': 'Dual Plasma Cannon', 'description': 'Only use for Gun Turret critter.'}"
"('Misc', 5)",373,37300,"{'name': 'Vault 15 Keycard', 'description': 'An electronic security key, color coded red.'}"
"('Container', 1)",204,20400,"{'name': 'Box', 'description': 'Flare'}"
"('Container', 1)",246,24600,"{'name': 'Shelf', 'description': 'A wood shelf with miscellaneous items.'}"
"('Container', 1)",455,45500,"{'name': 'Car Trunk', 'description': 'The trunk is a great place to store your stuff.'}"
"('Misc', 5)",463,46300,"{'name': 'Evacuation Holodisk', 'description': 'The label reads: Base evacuation notice.'}"
"('Misc', 5)",142,14200,"{'name': 'COC Badge', 'description': 'A badge in the shape of the Children of the Cathedral symbol. On one side you notice bumps and indentations, almost reminding you of a key.'}"
"('Container', 1)",244,24400,"{'name': 'Pot', 'description': 'A finely crafted clay pot.'}"
"('Misc', 5)",462,46200,"{'name': 'M.B. Holodisk 4', 'description': 'The label reads: Radio transmission log research team.'}"
"('Weapon', 3)",296,29600,"{'name': 'HK P90c', 'description': ""The Heckler & Koch P90c was just coming into use at the time of the war. The weapon's bullpup layout, and compact design, make it easy to control. The durable P90c is prized for its reliability, and high firepower in a ruggedly-compact package. Min ST: 4.""}"
"('Container', 1)",527,52700,"{'name': 'Dead Redshirt', 'description': 'This guy has a weird red uniform you have never seen. It looks like he died from dehydration.'}"
"('Weapon', 3)",399,39900,"{'name': 'Super Cattle Prod', 'description': ""A Farmer's Best Friend model cattle prod from Wattz Electronics. This model has been upgraded to increase the electrical discharge. Min ST: 4.""}"
"('Misc', 5)",222,22200,"{'name': 'Field Switch', 'description': 'An electronic transmission device, with a very simple, and large, toggle button. It looks like it was recently made and designed for very large hands.'}"
"('Drug', 2)",106,10600,"{'name': 'Nuka-Cola', 'description': 'A bottle of Nuka-Cola, the flavored softdrink of the post-nuclear world. Warm and flat.'}"
"('Misc', 5)",443,44300,"{'name': ""Tuco's Dog Tags"", 'description': 'These foul-smelling dog tags list the owner as ""Tuco Benedicto Pacifico Juan Maria Ramirez,"" followed by the number ""27.""'}"
"('Weapon', 3)",26,2600,"{'name': 'Grenade (Plasma)', 'description': 'A magnetically sealed plasma delivery unit, with detonating explosives. Creates a blast of superheated plasma on contact. Min ST: 4.'}"
"('Misc', 5)",326,32600,"{'name': 'Loaded Dice', 'description': ""A pair of loaded dice. Don't be flashing these around the casino.""}"
"('Weapon', 3)",242,24200,"{'name': 'Combat Shotgun', 'description': 'A Winchester City-Killer 12-gauge combat shotgun, bullpup variant. In excellent condition, it has the optional DesertWarfare environmental sealant modification for extra reliability. Min ST: 5.'}"
"('Weapon', 3)",22,2200,"{'name': '14mm Pistol', 'description': 'A Sig-Sauer 14mm Auto Pistol. Large, single shot handgun. Excellent craftmanship. Min ST: 4.'}"
"('Misc', 5)",457,45700,"{'name': 'Hubologist Field Report', 'description': 'A field office report for the membership drive in the True Faith.'}"
"('Container', 1)",171,17100,"{'name': 'Stuff', 'description': 'These are miscellaneous items, also known as ""stuff"".'}"
"('Misc', 5)",411,41100,"{'name': 'Electronic Lockpick MKII', 'description': 'This is the second generation Wattz Electronics Micromanipulator FingerStuff electronic lockpick. For defeating electronic locks and security devices. This Mark II version includes updated software and interface tools.'}"
"('Weapon', 3)",351,35100,"{'name': 'FN FAL', 'description': ""This rifle has been more widely used by armed forces than any other rifle in history. It's a reliable assault weapon for any terrain or tactical situation. Min ST: 5.""}"
"('Key', 6)",223,22300,"{'name': 'Yellow Pass Key', 'description': 'An electronic security key, color coded yellow.'}"
"('Misc', 5)",318,31800,"{'name': 'Empty Hypodermic', 'description': 'This is an empty hypodermic.'}"
"('Container', 1)",131,13100,"{'name': 'Footlocker', 'description': 'Your basic footlocker. Holds stuff, sits at foot of bed, can be locked.'}"
"('Container', 1)",138,13800,"{'name': 'Locker', 'description': 'A storage container.'}"
"('Misc', 5)",477,47700,"{'name': 'Broadcast Holodisk', 'description': 'The label reads: ""Galaxy News Network.""'}"
"('Container', 1)",425,42500,"{'name': 'Stone Head', 'description': 'A huge stone monument.'}"
"('Misc', 5)",255,25500,"{'name': 'Day Pass', 'description': 'This slightly crumpled piece of paper grants you access to all areas of Vault City, except the Vault itself, during daylight hours only.'}"
"('Misc', 5)",104,10400,"{'name': 'Tape Recorder', 'description': 'A Wattz Electronics Play-It-For-Me tape recorder. Plays and records the standard 30 minute high density Record-It-Once tapes.'}"
"('Armor', 0)",17,1700,"{'name': 'Combat Armor', 'description': 'High tech armor, made out of advanced defensive polymers.'}"
"('Container', 1)",513,51300,"{'name': 'Pool Table', 'description': 'Pool Table'}"
"('Weapon', 3)",355,35500,"{'name': 'Light Support Weapon', 'description': 'This squad-level support weapon has a bullpup design. The bullpup design makes it difficult to use while lying down. Because of this it was remanded to National Guard units. It, however, earned a reputation as a reliable weapon that packs a lot of punch for its size. Min ST: 6.'}"
"('Misc', 5)",59,5900,"{'name': 'Motion Sensor', 'description': 'A Wattz Electronics C-U model motion sensor. Detects the movement of biological material over a distance of meters using a tuned radar device. Having one in your inventory will also help you avoid outdoor encounters (+20% Outdoorsman skill).'}"
"('Drug', 2)",259,25900,"{'name': 'Jet', 'description': 'Jet is a powerful metamphetamine that stimulates the central nervous system. The initial euphoric rush rarely lasts more than a few minutes, but during that time, the user is filled with a rush of energy & strength.'}"
"('Misc', 5)",433,43300,"{'name': 'Mirrored Shades', 'description': 'This is a pair of fashionable and deadly-looking mirrored shades. Just having them in your inventory makes you feel cool.'}"
"('Container', 1)",214,21400,"{'name': 'Desk', 'description': 'A desk. After further observation, you decide that it is still a desk.'}"
"('Misc', 5)",420,42000,"{'name': 'Morningstar Mine Scrip', 'description': 'This is a small chit probably used to pay Morningstar Mine Workers.'}"
"('Weapon', 3)",19,1900,"{'name': 'Rock', 'description': ""It's a rock. The Granite-Inc. model is an upgraded version. Min ST: 1.""}"
"('Ammo', 4)",39,3900,"{'name': 'Micro Fusion Cell', 'description': 'A medium sized energy production unit. Self-contained fusion plant.'}"
"('Misc', 5)",431,43100,"{'name': 'Ramirez Box, Closed', 'description': 'This is the box you received from Big Jesus Mordino to give to Ramirez at the Stables.'}"
"('Container', 1)",151,15100,"{'name': 'Shelves', 'description': 'A set of wooden shelves.'}"
"('Misc', 5)",190,19000,"{'name': 'FEV Disk', 'description': 'A holotape containing medical information. Can be used to enter information into your PIPBoy.'}"
"('Misc', 5)",193,19300,"{'name': 'Delta Experiment Disk', 'description': 'The label on this holotape reads: ""Delta Experiment Log""'}"
"('Container', 1)",330,33000,"{'name': 'Crashed Verti-Bird', 'description': 'This is wreakage from a verti-bird. Looks like it crashed here months ago.'}"
"('Container', 1)",247,24700,"{'name': 'Shelf', 'description': 'A wood shelf with miscellaneous items.'}"
